Title,Date
"Teenage Bounty Hunters: Season 1: This Must Be How Dumb Kids Feel","8/15/20"
"Teenage Bounty Hunters: Season 1: What's a Jennings","8/15/20"
"Teenage Bounty Hunters: Season 1: Daddy's Truck","8/15/20"
"Marvel's Daredevil: Season 3: No Good Deed","8/14/20"
"Marvel's Daredevil: Season 3: Please","8/14/20"
"Marvel's Daredevil: Season 3: Resurrection","8/14/20"
"Marvel's Daredevil: Season 2: A Cold Day in Hell's Kitchen","8/14/20"
"Riverdale: Season 3: Chapter Fifty-Three: Jawbreaker","8/14/20"
"Marvel's Daredevil: Season 2: The Dark at the End of the Tunnel","8/14/20"
"Marvel's Daredevil: Season 2: .380","8/13/20"
"Marvel's Daredevil: Season 2: The Man in the Box","8/13/20"
"Marvel's Daredevil: Season 2: Seven Minutes in Heaven","8/13/20"
"Riverdale: Season 3: Chapter Fifty-Two: “The Raid”","8/13/20"
"Riverdale: Season 3: Chapter Fifty-One: Big Fun","8/12/20"
"Riverdale: Season 3: Chapter Fifty: American Dreams","8/12/20"
"Riverdale: Season 3: Chapter Forty-Nine: Fire Walk With Me","8/11/20"
"Marvel's Daredevil: Season 2: Guilty as Sin","8/11/20"
"Marvel's Daredevil: Season 2: Semper Fidelis","8/11/20"
"Summertime: Season 1: Another Winter","8/11/20"
"Marvel's Daredevil: Season 2: Regrets Only","8/10/20"
"Dare Me: Season 1: Coup D'État","8/10/20"
"Outer Banks: Season 1: Pilot","8/10/20"
"Riverdale: Season 3: Chapter Forty-Eight: Requiem for a Welterweight","8/10/20"
"Summertime: Season 1: Don't You Cry","8/10/20"
"Summertime: Season 1: Those Who Remain","8/10/20"
"Chesapeake Shores: Season 3: The Way We Were","8/10/20"
"Chesapeake Shores: Season 3: An Open Book","8/10/20"
"Chesapeake Shores: Season 2: Freefall","8/10/20"
"Chesapeake Shores: Season 2: Royal Court","8/10/20"
"Chesapeake Shores: Season 2: Forest Through the Trees","8/10/20"
"Marvel's Daredevil: Season 2: Kinbaku","8/7/20"
"Alexa & Katie: Part 1: Basketball","8/7/20"
"Alexa & Katie: Part 1: Wigs","8/7/20"
"Riverdale: Season 3: Chapter	Forty-Seven:	Bizarrodale","8/7/20"
"Riverdale: Season 3: Chapter Forty-Six: The Red Dahlia","8/7/20"
"Riverdale: Season 3: Chapter Forty-Five: The Stranger","8/7/20"
"Chesapeake Shores: Season 2: All Our Yesterdays","8/7/20"
"Chesapeake Shores: Season 2: Grand Openings","8/7/20"
"Marvel's Daredevil: Season 2: Penny and Dime","8/6/20"
"Chesapeake Shores: Season 2: Buried Treasures","8/6/20"
"Malibu Rescue: The Next Wave","8/6/20"
"Nasha Natasha","8/6/20"
"Alexa & Katie: Part 1: Bad Hair Day","8/6/20"
"The A List: Season 1: The Last Dove","8/6/20"
"Riverdale: Season 3: Chapter Forty-Four: No Exit","8/5/20"
"Riverdale: Season 3: Chapter Forty-Three: Outbreak","8/5/20"
"The A List: Season 1: Run, Mia, Run","8/5/20"
"Riverdale: Season 3: Chapter Forty-Two: The Man in Black","8/5/20"
"Marvel's Daredevil: Season 2: New York's Finest","8/5/20"
"Marvel's Daredevil: Season 2: Dogs to a Gunfight","8/5/20"
"Marvel's Daredevil: Season 2: Bang","8/5/20"
"Marvel's Daredevil: Season 1: Daredevil","8/5/20"
"The A List: Season 1: What You Left Behind","8/5/20"
"The A List: Season 1: Poison","8/4/20"
"The A List: Season 1: Who You Used to Be","8/4/20"
"The A List: Season 1: All That's Left of Us","8/4/20"
"The A List: Season 1: Nothing Can Survive Alone","8/4/20"
"The A List: Season 1: Far From Home","8/4/20"
"The A List: Season 1: In for the Kill","8/4/20"
"The A List: Season 1: Capture the King","8/4/20"
"Marvel's Daredevil: Season 1: The Ones We Leave Behind","8/4/20"
"Marvel's Daredevil: Season 1: The Path of the Righteous","8/4/20"
"The A List: Season 1: To Become a Queen","8/4/20"
"The A List: Season 1: Take Back Control","8/3/20"
"The A List: Season 1: Here She Is at Last","8/3/20"
"DJ Cinderella","8/3/20"
"Riverdale: Season 3: Chapter Forty-One: Manhunter","8/3/20"
"Riverdale: Season 3: Chapter Forty: The Great Escape","8/3/20"
"Riverdale: Season 3: Chapter Thirty-Nine: The Midnight Club","8/3/20"
"Riverdale: Season 3: Chapter Thirty-Eight: “As Above, So Below”","8/3/20"
"Riverdale: Season 3: Chapter Thirty-Seven: Fortune and Men's Eyes","8/3/20"
"Chesapeake Shores: Season 2: It's Always Nashville","8/3/20"
"Riverdale: Season 3: Chapter Thirty-Six: Labor Day","8/3/20"
"Chesapeake Shores: Season 2: Photographs and Memories","8/3/20"
"Marvel's Daredevil: Season 1: Nelson v. Murdock","8/1/20"
"Chesapeake Shores: Season 2: Pasts And Presents","8/1/20"
"Chesapeake Shores: Season 2: Secrets, Lies And School Supplies","8/1/20"
"Toy Boy: Season 1: Pilot","8/1/20"
"Toy Boy: Season 1: The Final Judgement","8/1/20"
"The Players","8/1/20"
"The Politician: Season 1: October Surprise","8/1/20"
"The Politician: Season 1: The Harrington Commode","8/1/20"
"The Politician: Season 1: Pilot","8/1/20"
"Get Even: Season 1: Get It Together","8/1/20"
"Get Even: Season 1: Get In Deep","8/1/20"
"Get Even: Season 1: Get On It","8/1/20"
"Marvel's Daredevil: Season 1: Speak of the Devil","7/31/20"
"Dynasty: Season 3: My Hangover's Arrived","7/31/20"
"Dynasty: Season 3: Robin Hood Rescues","7/31/20"
"Dynasty: Season 3: You Make Being a Priest Sound Like Something Bad","7/31/20"
"Dynasty: Season 3: She Cancelled …","7/30/20"
"Dynasty: Season 3: Is the Next Surgery on the House?","7/30/20"
"Dynasty: Season 3: Up a Tree","7/30/20"
"Marvel's Daredevil: Season 1: Shadows in the Glass","7/29/20"
"Riverdale: Season 2: Chapter Thirty-Five: Brave New World","7/29/20"
"Dynasty: Season 3: That Wicked Stepmother","7/29/20"
"Dynasty: Season 3: You See Most Things in Terms of Black and White","7/29/20"
"Marvel's Daredevil: Season 1: Stick","7/28/20"
"Dynasty: Season 3: Battle Lines","7/28/20"
"Dynasty: Season 3: A Wound That May Never Heal","7/28/20"
"Dynasty: Season 3: What Sorrows Are You Drowning?","7/28/20"
"You: Season 1: Pilot","7/28/20"
"Virgin River: Season 1: Unexpected Endings","7/28/20"
"Virgin River: Season 1: Carry On","7/28/20"
"Dynasty: Season 3: The Caviar, I Trust, Is Not Burned","7/28/20"
"Dynasty: Season 3: The Sensational Blake Carrington Trial","7/28/20"
"Dynasty: Season 3: Shoot from the Hip","7/28/20"
"Marvel's Daredevil: Season 1: Condemned","7/27/20"
"Marvel's Daredevil: Season 1: World On Fire","7/27/20"
"Marvel's Daredevil: Season 1: In the Blood","7/26/20"
"Marvel's Daredevil: Season 1: Rabbit in a Snowstorm","7/26/20"
"Marvel's Daredevil: Season 1: Cut Man","7/26/20"
"Riverdale: Season 2: Chapter Thirty-Four: Judgment Night","7/24/20"
"Marvel's Daredevil: Season 1: Into the Ring","7/24/20"
"Riverdale: Season 2: Chapter Thirty-Three: Shadow of a Doubt","7/24/20"
"Dynasty: Season 3: A Used Up Memory","7/24/20"
"Dynasty: Season 3: Mother? I'm at La Mirage","7/24/20"
"Dynasty: Season 3: Something Desperate","7/24/20"
"Riverdale: Season 2: Chapter Thirty-Two: Prisoners","7/23/20"
"Dynasty: Season 3: Wild Ghost Chase","7/23/20"
"Dynasty: Season 3: Caution Never Won a War","7/23/20"
"Dynasty: Season 3: Guilt Trip to Alaska","7/23/20"
"Dynasty: Season 2: Deception, Jealousy and Lies","7/23/20"
"Dynasty: Season 2: Thicker Than Money","7/23/20"
"Dynasty: Season 2: New Lady in Town","7/22/20"
"Riverdale: Season 2: Chapter Thirty-One: A Night to Remember","7/22/20"
"Dynasty: Season 2: This Illness of Mine","7/22/20"
"Riverdale: Season 2: Chapter Thirty: The Noose Tightens","7/22/20"
"Dynasty: Season 2: Life Is a Masquerade Party","7/22/20"
"Selling Sunset: Season 1: If Looks Could Sell","7/22/20"
"Selling Sunset: Season 2: Billionaires Have Compounds","7/22/20"
"Good Girls: Season 1: Mo Money Mo Problems","7/22/20"
"Dynasty: Season 2: How Two-Faced Can You Get?","7/21/20"
"Dynasty: Season 2: Miserably Ungrateful Men","7/21/20"
"Dynasty: Season 2: Motherly Overprotectiveness","7/21/20"
"Dynasty: Season 2: Parisian Legend Has It…","7/21/20"
"Riverdale: Season 2: Chapter Twenty-Nine: Primary Colors","7/21/20"
"Riverdale: Season 2: Chapter Twenty-Eight: There Will Be Blood","7/21/20"
"Dynasty: Season 2: Even Worms Can Procreate","7/21/20"
"Dynasty: Season 2: Filthy Games","7/21/20"
"Money Heist: Part 2: Episode 9","7/20/20"
"Money Heist: Part 2: Episode 8","7/20/20"
"Money Heist: Part 2: Episode 7","7/20/20"
"Dynasty: Season 2: The Sight of You","7/20/20"
"Dynasty: Season 2: A Champagne Mood","7/20/20"
"Money Heist: Part 2: Episode 6","7/19/20"
"Money Heist: Part 2: Episode 5","7/19/20"
"Money Heist: Part 2: Episode 4","7/19/20"
"Money Heist: Part 2: Episode 3","7/19/20"
"Money Heist: Part 2: Episode 2","7/19/20"
"Money Heist: Part 2: Episode 1","7/19/20"
"Money Heist: Part 1: Episode 13","7/19/20"
"Money Heist: Part 1: Episode 12","7/18/20"
"Money Heist: Part 1: Episode 11","7/18/20"
"Dynasty: Season 2: Crazy Lady","7/18/20"
"Money Heist: Part 1: Episode 10","7/18/20"
"Money Heist: Part 1: Episode 9","7/16/20"
"Money Heist: Part 1: Episode 8","7/16/20"
"Money Heist: Part 1: Episode 7","7/16/20"
"Money Heist: Part 1: Episode 6","7/16/20"
"Money Heist: Part 1: Episode 5","7/16/20"
"Money Heist: Part 1: Episode 4","7/16/20"
"Money Heist: Part 1: Episode 3","7/16/20"
"Dynasty: Season 2: A Real Instinct for the Jugular","7/15/20"
"Money Heist: Part 1: Episode 2","7/15/20"
"Money Heist: Part 1: Episode 1","7/15/20"
"Dynasty: Season 2: A Temporary Infestation","7/15/20"
"Dynasty: Season 2: That Witch","7/15/20"
"Dynasty: Season 2: Queen of Cups","7/13/20"
"Dynasty: Season 2: Snowflakes in Hell","7/13/20"
"Riverdale: Season 2: Chapter Twenty-Seven: The Hills Have Eyes","7/13/20"
"Dynasty: Season 2: The Butler Did It","7/13/20"
"Dark: Season 1: Secrets","7/12/20"
"Marvel's Iron Fist: Season 2: A Duel of Iron","7/12/20"
"Marvel's Iron Fist: Season 1: Snow Gives Way","7/12/20"
"Marvel's Iron Fist: Season 2: War Without End","7/12/20"
"Dynasty: Season 2: Ship of Vipers","7/12/20"
"Marvel's Iron Fist: Season 2: Citadel on the Edge of Vengeance","7/12/20"
"Riverdale: Season 2: Chapter Twenty-Six: The Tell-Tale Heart","7/12/20"
"Marvel's Iron Fist: Season 2: Morning of the Mindstorm","7/12/20"
"Riverdale: Season 2: Chapter Twenty-Five: The Wicked and the Divine","7/12/20"
"Riverdale: Season 2: Chapter Twenty-Four: The Wrestler","7/12/20"
"Riverdale: Season 2: Chapter Twenty-Three: The Blackboard Jungle","7/12/20"
"Riverdale: Season 2: Chapter Twenty-Two: Silent Night, Deadly Night","7/12/20"
"Marvel's Iron Fist: Season 2: The Dragon Dies at Dawn","7/11/20"
"Riverdale: Season 2: Chapter Twenty-One: House of the Devil","7/11/20"
"Riverdale: Season 2: Chapter Twenty: Tales from the Darkside","7/11/20"
"Marvel's Iron Fist: Season 2: Heart of the Dragon","7/11/20"
"Marvel's Iron Fist: Season 2: Target: Iron Fist","7/11/20"
"Control Z: Season 1: Public Enemy","7/10/20"
"Control Z: Season 1: Control Z","7/10/20"
"Control Z: Season 1: How Well Do You Really Know Javier?","7/10/20"
"Control Z: Season 1: Face to Face","7/10/20"
"Control Z: Season 1: Night School","7/10/20"
"Pitch Perfect","7/10/20"
"Chilling Adventures of Sabrina: Part 1: Chapter One: October Country","7/10/20"
"Marvel's Iron Fist: Season 2: This Deadly Secret...","7/9/20"
"Riverdale: Season 2: Chapter Nineteen: Death Proof","7/9/20"
"Marvel's Iron Fist: Season 2: The City's Not for Burning","7/9/20"
"Riverdale: Season 2: Chapter Eighteen: When a Stranger Calls","7/9/20"
"Riverdale: Season 2: Chapter Seventeen: The Town That Dreaded Sundown","7/9/20"
"Marvel's Iron Fist: Season 2: The Fury of Iron Fist","7/8/20"
"Riverdale: Season 2: Chapter Sixteen: The Watcher in the Woods","7/8/20"
"Marvel's Iron Fist: Season 1: Dragon Plays with Fire","7/7/20"
"Marvel's Iron Fist: Season 1: Bar the Big Boss","7/7/20"
"Marvel's Iron Fist: Season 1: Lead Horse Back to Stable","7/7/20"
"Control Z: Season 1: Idiots","7/7/20"
"Control Z: Season 1: Victims","7/6/20"
"Control Z: Season 1: Birthday Girl","7/6/20"
"Black Mirror: Season 5: Striking Vipers","7/6/20"
"Pretty Little Liars: Season 1: The Jenna Thing","7/6/20"
"The Dark Crystal: Age of Resistance: Season 1: End. Begin. All the Same.","7/6/20"
"Riverdale: Season 2: Chapter Fifteen: Nighthawks","7/5/20"
"Riverdale: Season 2: Chapter Fourteen: A Kiss Before Dying","7/5/20"
"Riverdale: Season 1: Chapter Thirteen: The Sweet Hereafter","7/5/20"
"Insatiable: Season 1: Skinny Is Magic","7/5/20"
"The End of the F***ing World: Season 1: Episode 1","7/5/20"
"I Am Not Okay With This: Season 1: Deepest, Darkest Secret","7/4/20"
"I Am Not Okay With This: Season 1: Like Father, Like Daughter","7/4/20"
"Marvel's Iron Fist: Season 1: Black Tiger Steals Heart","7/4/20"
"Marvel's Iron Fist: Season 1: The Mistress of All Agonies","7/4/20"
"Marvel's Iron Fist: Season 1: Felling Tree with Roots","7/4/20"
"I Am Not Okay With This: Season 1: Another Day in Paradise","7/4/20"
"I Am Not Okay With This: Season 1: Stan by Me","7/4/20"
"I Am Not Okay With This: Season 1: The Party's Over","7/4/20"
"Floor Is Lava: Season 1: The Basement: Level 1","7/4/20"
"Riverdale: Season 1: Chapter Twelve: Anatomy of a Murder","7/4/20"
"Riverdale: Season 1: Chapter Eleven: To Riverdale and Back Again","7/4/20"
"I Am Not Okay With This: Season 1: The Master of One F**k","7/3/20"
"I Am Not Okay With This: Season 1: Dear Diary...","7/3/20"
"Marvel's Iron Fist: Season 1: The Blessing of Many Fractures","7/3/20"
"Riverdale: Season 1: Chapter Ten: The Lost Weekend","7/3/20"
"Chilling Adventures of Sabrina: Part 2: Chapter Sixteen: Blackwood","7/3/20"
"Riverdale: Season 1: Chapter Nine: La Grande Illusion","7/2/20"
"On My Block: Season 3: Chapter Twenty-Eight","7/1/20"
"Riverdale: Season 1: Chapter Eight: The Outsiders","7/1/20"
"On My Block: Season 3: Chapter Twenty-Seven","7/1/20"
"On My Block: Season 3: Chapter Twenty-Six","7/1/20"
"On My Block: Season 3: Chapter Twenty-Five","7/1/20"
"On My Block: Season 3: Chapter Twenty-Four","6/30/20"
"On My Block: Season 3: Chapter Twenty-Three","6/30/20"
"On My Block: Season 3: Chapter Twenty-Two","6/30/20"
"Riverdale: Season 1: Chapter Seven: In a Lonely Place","6/30/20"
"On My Block: Season 3: Chapter Twenty-One","6/30/20"
"On My Block: Season 2: Chapter Twenty","6/30/20"
"Riverdale: Season 1: Chapter Six: Faster, Pussycats! Kill! Kill!","6/30/20"
"On My Block: Season 2: Chapter Nineteen","6/30/20"
"On My Block: Season 2: Chapter Eighteen","6/30/20"
"On My Block: Season 2: Chapter Seventeen","6/30/20"
"On My Block: Season 2: Chapter Sixteen","6/30/20"
"Stranger Things: Chapter One: The Vanishing Of Will Byers","6/30/20"
"Marvel's Iron Fist: Season 1: Immortal Emerges from Cave","6/29/20"
"On My Block: Season 2: Chapter Fourteen","6/29/20"
"Marvel's Iron Fist: Season 1: Under Leaf Pluck Lotus","6/29/20"
"Riverdale: Season 1: Chapter Five: Heart of Darkness","6/29/20"
"365 Days","6/29/20"
"On My Block: Season 2: Chapter Fifteen","6/29/20"
"Marvel's Iron Fist: Season 1: Eight Diagram Dragon Palm","6/28/20"
"Riverdale: Season 1: Chapter Four: The Last Picture Show","6/28/20"
"On My Block: Season 2: Chapter Thirteen","6/28/20"
"Marvel's Iron Fist: Season 1: Rolling Thunder Cannon Punch","6/27/20"
"Riverdale: Season 1: Chapter Three: Body Double","6/27/20"
"Summertime: Season 1: Without You","6/27/20"
"Riverdale: Season 1: Chapter Two: Touch of Evil","6/27/20"
"Riverdale: Season 1: Chapter One: The River's Edge","6/27/20"
"Summertime: Season 1: A Glimpse of Peace","6/27/20"
"Summertime: Season 1: A Moment at Night","6/27/20"
"On My Block: Season 2: Chapter Twelve","6/26/20"
"Marvel's Iron Fist: Season 1: Shadow Hawk Takes Flight","6/26/20"
"On My Block: Season 2: Chapter Eleven","6/25/20"
"The Half Of It","6/25/20"
"Trinkets: Season 1: Night Market","6/24/20"
"On My Block: Season 1: Chapter Ten","6/24/20"
"On My Block: Season 1: Chapter Nine","6/24/20"
"Always a Witch: Season 1: A University Witch","6/24/20"
"Shadowhunters: The Mortal Instruments: Season 1: The Mortal Cup","6/24/20"
"The I-Land: Limited Series: Brave New World","6/24/20"
"Insatiable: Season 1: Miss Bareback Buckaroo","6/24/20"
"Insatiable: Season 1: WMBS","6/24/20"
"Insatiable: Season 2: Poison Patty","6/24/20"
"On My Block: Season 1: Chapter Eight","6/23/20"
"On My Block: Season 1: Chapter Seven","6/23/20"
"On My Block: Season 1: Chapter Six","6/23/20"
"On My Block: Season 1: Chapter Five","6/23/20"
"On My Block: Season 1: Chapter Four","6/23/20"
"Kölcsönlakás","6/23/20"
"Selling Sunset: Season 2: Let the Real Estate Games Begin","6/23/20"
"Chilling Adventures of Sabrina: Part 2: Chapter Twenty: The Mephisto Waltz","6/23/20"
"Insatiable: Season 2: Boomerang","6/22/20"
"On My Block: Season 1: Chapter Three","6/22/20"
"On My Block: Season 1: Chapter Two","6/22/20"
"On My Block: Season 1: Chapter One","6/22/20"
"Toy Boy: Season 1: Among the Dead","6/22/20"
"Never Have I Ever: Season 1: ... said I'm sorry","6/22/20"
"Never Have I Ever: Season 1: ... had to be on my best behavior","6/22/20"
"Never Have I Ever: Season 1: ... pissed off everyone I know","6/22/20"
"Never Have I Ever: Season 1: ... been a big, fat liar","6/22/20"
"Never Have I Ever: Season 1: ... been the loneliest boy in the world","6/21/20"
"Never Have I Ever: Season 1: ... started a nuclear war","6/20/20"
"Never Have I Ever: Season 1: ... felt super Indian","6/20/20"
"Never Have I Ever: Season 1: ... gotten drunk with the popular kids","6/18/20"
"Never Have I Ever: Season 1: ... had sex with Paxton Hall-Yoshida","6/18/20"
"Never Have I Ever: Season 1: Pilot","6/18/20"
"Summertime: Season 1: Just You & I","6/17/20"
"Summertime: Season 1: I Hate Summer","6/17/20"
"The Circle France: Season 1: Hello Circle","6/17/20"
"The Circle Brazil: Season 1: Welcome to The Circle","6/17/20"
"Extraction","6/13/20"
"Aloha","6/9/20"
"Tall Girl","6/8/20"
"Immortals: Season 1: Episode 1","6/7/20"
"Chilling Adventures of Sabrina: Part 3: Chapter Twenty-One: The Hellbound Heart","6/7/20"
"Chilling Adventures of Sabrina: Part 2: Chapter Nineteen: The Mandrake","6/6/20"
"Chilling Adventures of Sabrina: Part 2: Chapter Eighteen: The Miracles of Sabrina Spellman","6/6/20"
"Chilling Adventures of Sabrina: Part 2: Chapter Seventeen: The Missionaries","6/6/20"
"Chilling Adventures of Sabrina: Part 2: Chapter Fifteen: Doctor Cerberus's House of Horror","6/6/20"
"Chilling Adventures of Sabrina: Part 2: Chapter Fourteen: Lupercalia","6/6/20"
"Chilling Adventures of Sabrina: Part 2: Chapter Thirteen: The Passion of Sabrina Spellman","6/6/20"
"Chilling Adventures of Sabrina: Part 2: Chapter Twelve: The Epiphany","6/6/20"
"Chilling Adventures of Sabrina: Part 1: Chapter Eleven: A Midwinter's Tale","6/6/20"
"Chilling Adventures of Sabrina: Part 1: Chapter Ten: The Witching Hour","6/6/20"
"Chilling Adventures of Sabrina: Part 1: Chapter Nine: The Returned Man","6/6/20"
"Dynasty: Season 2: Twenty-Three Skidoo","6/6/20"
"Chilling Adventures of Sabrina: Part 1: Chapter Eight: The Burial","6/6/20"
"Chilling Adventures of Sabrina: Part 1: Chapter Seven: Feast of Feasts","6/6/20"
"Chilling Adventures of Sabrina: Part 1: Chapter Six: An Exorcism in Greendale","6/6/20"
"Chilling Adventures of Sabrina: Part 1: Chapter Five: Dreams in a Witch House","6/6/20"
"Chilling Adventures of Sabrina: Part 1: Chapter Four: Witch Academy","6/6/20"
"Chilling Adventures of Sabrina: Part 1: Chapter Three: The Trial of Sabrina Spellman","6/6/20"
"Chilling Adventures of Sabrina: Part 1: Chapter Two: The Dark Baptism","6/6/20"
"Too Hot to Handle: Season 1: Love, Sex or Money","6/5/20"
"Just Sex and Nothing Else","6/5/20"
"Dynasty: Season 1: Dead Scratch","6/5/20"
"Dynasty: Season 1: Trashy Little Tramp","6/5/20"
"Dynasty: Season 1: A Line from the Past","6/4/20"
"Dynasty: Season 1: Use or be Used","6/4/20"
"Fantastic Beasts and Where To Find Them","6/4/20"
"Dynasty: Season 1: Don’t Con a Con Artist","6/4/20"
"Dynasty: Season 1: Enter Alexis","6/4/20"
"Yummy Mummies: Season 1: Episode 1","6/3/20"
"The Order: Season 1: Hell Week: Part 1","6/3/20"
"Dynasty: Season 1: Poor Little Rich Girl","6/3/20"
"Dynasty: Season 1: Our Turn Now","6/3/20"
"Harry Potter and the Deathly Hallows: Part 2","6/2/20"
"Dynasty: Season 1: The Gospel According to Blake Carrington","6/2/20"
"Dynasty: Season 1: Nothing But Trouble","6/2/20"
"Dynasty: Season 1: Promises You Can’t Keep","6/2/20"
"Dynasty: Season 1: I Answer To No Man","6/2/20"
"Harry Potter and the Half-Blood Prince","6/1/20"
"Dynasty: Season 1: A Well Dressed Tarantula","6/1/20"
"Dynasty: Season 1: Rotten Things","6/1/20"
"Harry Potter and the Order of the Phoenix","5/31/20"
"Harry Potter and the Goblet of Fire","5/31/20"
"Dynasty: Season 1: The Best Things In Life","5/31/20"
"Harry Potter and the Prisoner of Azkaban","5/30/20"
"Mako Mermaids: An H2O Adventure: Season 1: Outcasts","5/29/20"
"Lucifer: Season 1: Pilot","5/29/20"
"Mean Girls","5/29/20"
"Chilling Adventures of Sabrina: Part 3: Chapter Twenty-Eight: Sabrina Is Legend","5/29/20"
"Dynasty: Season 1: A Taste of Your Own Medicine","5/29/20"
"Dynasty: Season 1: I Only Exist For Me","5/29/20"
"Dynasty: Season 1: Company Slut","5/28/20"
"Dynasty: Season 1: Private As A Circus","5/27/20"
"Dynasty: Season 1: Guilt is for Insecure People","5/27/20"
"Dynasty: Season 1: Spit It Out","5/26/20"
"Dynasty: Season 1: I Hardly Recognized You","5/26/20"
"The Final Table: Season 1: The Finale","5/24/20"
"The Final Table: Season 1: France","5/24/20"
"A Cinderella Story: Christmas Wish","5/21/20"
"Chilling Adventures of Sabrina: Part 3: Chapter Twenty-Seven: The Judas Kiss","5/21/20"
"Chilling Adventures of Sabrina: Part 3: Chapter Twenty-Six: All of Them Witches","5/20/20"
"Chilling Adventures of Sabrina: Part 3: Chapter Twenty-Five: The Devil Within","5/20/20"
"Chilling Adventures of Sabrina: Part 3: Chapter Twenty-Four: The Hare Moon","5/20/20"
"Chilling Adventures of Sabrina: Part 3: Chapter Twenty-Three: Heavy Is the Crown","5/20/20"
"Chilling Adventures of Sabrina: Part 3: Chapter Twenty-Two: Drag Me to Hell","5/19/20"
"The Final Table: Season 1: Japan","5/19/20"
"Insatiable: Season 2: Dead Girl","5/17/20"
"Insatiable: Season 1: Pilot","5/17/20"
"The Final Table: Season 1: Italy","5/16/20"
"The Final Table: Season 1: USA","5/16/20"
"The Final Table: Season 1: India","5/15/20"
"Hollywood: Season 1: Hooray for Hollywood","5/14/20"
"The Final Table: Season 1: Brazil","5/13/20"
"The Final Table: Season 1: UK","5/10/20"
"The Final Table: Season 1: Spain","5/8/20"
"Dead to Me: Season 1: Pilot","5/8/20"
"Too Hot to Handle: Season 1: Extra Hot: The Reunion","5/8/20"
"The Final Table: Season 1: Mexico","5/2/20"
"Insatiable: Season 2: The Most You You Can Be","5/2/20"
"100 Humans: Season 1: Ask a Human","4/28/20"
"100 Humans: Season 1: Can You Trust Your Senses?","4/27/20"
"100 Humans: Season 1: How to Be Happy","4/27/20"
"Ozark: Season 3: All In","4/27/20"
"Ozark: Season 3: Fire Pink","4/27/20"
"Ozark: Season 3: BFF","4/24/20"
"Ozark: Season 3: In Case of Emergency","4/24/20"
"Ozark: Season 3: Su Casa Es Mi Casa","4/24/20"
"Ozark: Season 3: It Came From Michoacán","4/24/20"
"13 Reasons Why: Season 1: Tape 1, Side A","4/22/20"
"Trinkets: Season 1: Monday I'm in Love","4/22/20"
"Ozark: Season 3: Boss Fight","4/22/20"
"Ozark: Season 3: Kevin Cronin Was Here","4/22/20"
"Ozark: Season 3: Civil Union","4/21/20"
"Ozark: Season 3: Wartime","4/21/20"
"Trinkets: Season 1: Truth Serum","4/21/20"
"Trinkets: Season 1: Rearview Mirror","4/21/20"
"Trinkets: Season 1: Big Mistake","4/21/20"
"Trinkets: Season 1: Happy F**king Birthday","4/21/20"
"Trinkets: Season 1: P*ssy Palace","4/21/20"
"Trinkets: Season 1: Paper Tiger","4/21/20"
"Trinkets: Season 1: Mirror Faces","4/21/20"
"Holiday in the Wild","4/21/20"
"Too Hot to Handle: Season 1: Lust or Bust","4/20/20"
"Too Hot to Handle: Season 1: Sisters over Misters","4/20/20"
"Too Hot to Handle: Season 1: The Bryce Isn't Right","4/20/20"
"Ozark: Season 2: The Gold Coast","4/19/20"
"Too Hot to Handle: Season 1: Boys to Men","4/19/20"
"Too Hot to Handle: Season 1: Two's Company, Three's a ... Threesome","4/19/20"
"Ozark: Season 2: The Badger","4/19/20"
"Too Hot to Handle: Season 1: Revenge Is a Dish Best Served Hot","4/19/20"
"Ozark: Season 2: The Big Sleep","4/19/20"
"Ozark: Season 2: One Way Out","4/19/20"
"Ozark: Season 2: Outer Darkness","4/19/20"
"Too Hot to Handle: Season 1: When Harry Met Francesca","4/19/20"
"Ozark: Season 2: Game Day","4/18/20"
"Ozark: Season 2: Stag","4/18/20"
"100 Humans: Season 1: Pain vs. Pleasure","4/18/20"
"100 Humans: Season 1: Are You Biased?","4/17/20"
"100 Humans: Season 1: Let’s Talk About Sex","4/17/20"
"100 Humans: Season 1: The Best Age to Be Alive","4/17/20"
"100 Humans: Season 1: What Makes Us Attractive?","4/16/20"
"Ozark: Season 2: Once a Langmore...","4/15/20"
"Ozark: Season 2: The Precious Blood of Jesus","4/13/20"
"Love Wedding Repeat","4/13/20"
"Ozark: Season 2: Reparations","4/12/20"
"Ozark: Season 1: The Toll","4/12/20"
"Ozark: Season 1: Coffee, Black","4/12/20"
"Ozark: Season 1: Kaleidoscope","4/12/20"
"Ozark: Season 1: Nest Box","4/10/20"
"Ozark: Season 1: Book of Ruth","4/9/20"
"Ozark: Season 1: Ruling Days","4/7/20"
"Ozark: Season 1: Tonight We Improvise","4/6/20"
"Ozark: Season 1: My Dripping Sleep","4/5/20"
"Insatiable: Season 1: Banana Heart Banana","4/4/20"
"Insatiable: Season 1: Winners Win. Period.","4/4/20"
"Orange Is the New Black: Season 3: Tongue-Tied","4/4/20"
"Chesapeake Shores: Season 1: Exes Mark the Spot","4/2/20"
"Chesapeake Shores: Season 1: Deals Undone","4/2/20"
"Chesapeake Shores: Season 1: Second Chances","4/2/20"
"Chesapeake Shores: Season 1: Georgia on My Mind","4/2/20"
"Ozark: Season 1: Blue Cat","4/1/20"
"Ozark: Season 1: Sugarwood","4/1/20"
"Chesapeake Shores: Season 1: We're Gaining a Daughter","4/1/20"
"Isn't It Romantic","4/1/20"
"Chesapeake Shores: Season 1: We're Not Losing a Son...","3/31/20"
"Chesapeake Shores: Season 1: Home to Roost: Part 2","3/31/20"
"Tiger King: Murder, Mayhem and Madness: Limited Series: Not Your Average Joe","3/31/20"
"What the Love! with Karan Johar: Season 1: The What the Love! Singles Party","3/31/20"
"The Circle: Season 1: Finale","3/31/20"
"BÚÉK","3/30/20"
"The Circle: Season 1: The Last Rating","3/30/20"
"The Circle: Season 1: Declare Your Rival","3/30/20"
"The Circle: Season 1: Instant Block","3/29/20"
"The Circle: Season 1: The Player I'm Saving Is ...","3/29/20"
"Chesapeake Shores: Season 1: Home to Roost: Part 1","3/29/20"
"Chesapeake Shores: Season 1: Pilot: Part 2","3/28/20"
"Chesapeake Shores: Season 1: Pilot: Part 1","3/28/20"
"The Circle: Season 1: Picking Teams","3/28/20"
"The Circle: Season 1: Anonymous Trolling","3/28/20"
"Soundtrack: Season 1: Track 1: Nellie and Sam","3/28/20"
"The Circle: Season 1: Sliding into DMs","3/27/20"
"The Circle: Season 1: Planting Doubt","3/27/20"
"Love Is Blind: Season 1: Is Love Blind?","3/25/20"
"The Circle: Season 1: There's a Catfish Among Us","3/25/20"
"Sex Education: Season 2: Episode 8","3/24/20"
"Virgin River: Season 1: Everybody Has a Secret","3/24/20"
"Virgin River: Season 1: Into the Light","3/24/20"
"Virgin River: Season 1: If Truth Be Told","3/24/20"
"Virgin River: Season 1: Let's Mingle","3/24/20"
"Virgin River: Season 1: Under Fire","3/24/20"
"Sex Education: Season 2: Episode 7","3/23/20"
"Sex Education: Season 2: Episode 6","3/23/20"
"Virgin River: Season 1: A Wounded Heart","3/22/20"
"Virgin River: Season 1: ... and Found","3/22/20"
"Virgin River: Season 1: Lost","3/22/20"
"The Hook Up Plan: Season 1: The Secret Plan","3/22/20"
"The Circle: Season 1: Face-to-Face","3/22/20"
"The Circle: Season 1: Hello, Circle","3/22/20"
"My Hotter Half: Season 1: Darren & Charlotte and Matt & Rachel","3/22/20"
"Love Is Blind: Season 1: The Reunion","3/22/20"
"Love Is Blind: Season 1: The Weddings","3/21/20"
"Love Is Blind: Season 1: Bachelor & Bachelorette Parties","3/21/20"
"Love Is Blind: Season 1: Countdown to I Do's","3/21/20"
"Love Is Blind: Season 1: Meet the Parents","3/21/20"
"Love Is Blind: Season 1: Moving in Together","3/21/20"
"Love Is Blind: Season 1: Last Night in Paradise","3/21/20"
"Love Is Blind: Season 1: Couples Retreat","3/21/20"
"Love Is Blind: Season 1: First Night Together","3/21/20"
"Sex Education: Season 2: Episode 5","3/20/20"
"Love Is Blind: Season 1: Will You Marry Me?","3/20/20"
"Sex Education: Season 2: Episode 4","3/19/20"
"Back with the Ex: Season 1: Episode 7","3/19/20"
"Sex Education: Season 2: Episode 3","3/18/20"
"Back with the Ex: Season 1: Episode 6","3/18/20"
"Back with the Ex: Season 1: Episode 5","3/18/20"
"Sex Education: Season 2: Episode 2","3/17/20"
"Back with the Ex: Season 1: Episode 4","3/17/20"
"Back with the Ex: Season 1: Episode 3","3/17/20"
"Back with the Ex: Season 1: Episode 2","3/17/20"
"Back with the Ex: Season 1: Episode 1","3/17/20"
"Sex Education: Season 2: Episode 1","3/16/20"
"To All the Boys: P.S. I Still Love You","3/14/20"
"Murder Mystery","3/14/20"
"Always a Witch: Season 1: A Leap in Time","3/14/20"
"Pretty Little Liars: Season 1: Pilot","3/14/20"
"Good Girls: Season 1: Pilot","3/14/20"
"Insatiable: Season 2: Ladybomb","3/14/20"
"Insatiable: Season 2: Pretty in Prison","3/13/20"
"Sex Education: Season 1: Episode 8","3/13/20"
"You: Season 2: Love, Actually","3/13/20"
"Insatiable: Season 2: Full Brazilian","3/13/20"
"You: Season 2: P.I. Joe","3/13/20"
"Insatiable: Season 2: Eat and Run","3/13/20"
"Insatiable: Season 2: Finding Magnolia","3/12/20"
"Sex Education: Season 1: Episode 7","3/12/20"
"You: Season 2: Fear and Loathing in Beverly Hills","3/12/20"
"You: Season 2: Ex-istential Crisis","3/12/20"
"You: Season 2: Farewell, My Bunny","3/12/20"
"You: Season 2: Have a Good Wellkend, Joe!","3/12/20"
"Insatiable: Season 2: Pig","3/11/20"
"Insatiable: Season 1: Why Bad Things Happen","3/11/20"
"Insatiable: Season 1: Bad Kitty","3/10/20"
"Insatiable: Season 1: Wieners and Losers","3/10/20"
"Insatiable: Season 1: Miss Magic Jesus","3/10/20"
"Insatiable: Season 1: Dunk 'N' Donut","3/10/20"
"Insatiable: Season 1: Bikinis and Bitches","3/9/20"
"Sex Education: Season 1: Episode 6","3/9/20"
"Sex Education: Season 1: Episode 5","3/9/20"
"Sex Education: Season 1: Episode 4","3/8/20"
"You: Season 2: The Good, the Bad, & the Hendy","3/8/20"
"You: Season 2: What Are Friends For?","3/8/20"
"Sex Education: Season 1: Episode 3","3/7/20"
"Sex Education: Season 1: Episode 2","3/7/20"
"Sex Education: Season 1: Episode 1","3/7/20"
"You: Season 2: Just the Tip","3/7/20"
"You: Season 2: A Fresh Start","3/7/20"
"You: Season 1: Bluebeard's Castle","3/7/20"
